newIndex,market_cap_($),volume
2015-12-31 08:00:00,6928850000.0,49300700.0
2015-12-31 14:00:00,6986550000.0,44499900.0
2015-12-31 20:00:00,7071680000.0,50772800.0
2016-01-01 02:00:00,7072600000.0,45428300.0
2016-01-01 08:00:00,7099440000.0,46103400.0
2016-01-01 14:00:00,7042360000.0,45410100.0
2016-01-01 20:00:00,7117640000.0,40457400.0
2016-01-02 02:00:00,7113770000.0,39951300.0
2016-01-02 08:00:00,7111480000.0,36058100.0
2016-01-02 14:00:00,7111370000.0,35592300.0
2016-01-02 20:00:00,7125790000.0,35418000.0
2016-01-03 02:00:00,7103010000.0,30080200.0
2016-01-03 08:00:00,7084110000.0,32828600.0
2016-01-03 14:00:00,7034230000.0,35012200.0
2016-01-03 20:00:00,6988610000.0,39871800.0
2016-01-04 02:00:00,7087880000.0,39225200.0
2016-01-04 08:00:00,7099380000.0,41991900.0
2016-01-04 14:00:00,7097200000.0,43671200.0
2016-01-04 20:00:00,7111130000.0,43508500.0
2016-01-05 02:00:00,7135250000.0,41358800.0
2016-01-05 08:00:00,7119380000.0,40158800.0
2016-01-05 14:00:00,7102380000.0,42573700.0
2016-01-05 20:00:00,7103170000.0,41864800.0
2016-01-06 02:00:00,7098450000.0,34384600.0
2016-01-06 08:00:00,7067800000.0,38430200.0
2016-01-06 14:00:00,7080420000.0,38207900.0
2016-01-06 20:00:00,7074800000.0,37975500.0
2016-01-07 02:00:00,7061200000.0,36014600.0
2016-01-07 08:00:00,7381940000.0,66190500.0
2016-01-07 14:00:00,7433150000.0,79120600.0
2016-01-07 20:00:00,7441980000.0,87966600.0
2016-01-08 02:00:00,7515370000.0,100034000.0
2016-01-08 08:00:00,7398950000.0,77203200.0
2016-01-08 14:00:00,7471980000.0,68436500.0
2016-01-08 20:00:00,7400920000.0,71394100.0
2016-01-09 02:00:00,7426810000.0,55262900.0
2016-01-09 08:00:00,7397010000.0,56275500.0
2016-01-09 14:00:00,7365310000.0,52111600.0
2016-01-09 20:00:00,7405930000.0,42946700.0
2016-01-10 02:00:00,7309550000.0,38720000.0
2016-01-10 08:00:00,7319900000.0,35443600.0
2016-01-10 14:00:00,7279720000.0,39277000.0
2016-01-10 20:00:00,7318500000.0,40864300.0
2016-01-11 02:00:00,7398470000.0,37771000.0
2016-01-11 08:00:00,7310010000.0,45596000.0
2016-01-11 14:00:00,7344550000.0,45498600.0
2016-01-11 20:00:00,7359890000.0,49236300.0
2016-01-12 02:00:00,7326510000.0,47248000.0
2016-01-12 08:00:00,7361980000.0,50344200.0
2016-01-12 14:00:00,7362680000.0,59971300.0
2016-01-12 20:00:00,7372350000.0,96743200.0
2016-01-13 02:00:00,7101550000.0,102481000.0
2016-01-13 08:00:00,7124670000.0,168880000.0
2016-01-13 14:00:00,7090540000.0,193320000.0
2016-01-13 20:00:00,7087410000.0,194740000.0
2016-01-14 02:00:00,7142460000.0,49561400.0
2016-01-14 08:00:00,7107150000.0,48290800.0
2016-01-14 14:00:00,7139800000.0,49567100.0
2016-01-14 20:00:00,7143440000.0,53201700.0
2016-01-15 02:00:00,7042900000.0,47436600.0
2016-01-15 08:00:00,6832060000.0,76936400.0
2016-01-15 14:00:00,6543380000.0,114285000.0
2016-01-15 20:00:00,6528200000.0,146102000.0
2016-01-16 02:00:00,6189660000.0,166865000.0
2016-01-16 08:00:00,5926510000.0,154870000.0
2016-01-16 14:00:00,6166310000.0,149475000.0
2016-01-16 20:00:00,6337550000.0,147469000.0
2016-01-17 02:00:00,6449270000.0,102119000.0
2016-01-17 08:00:00,6335240000.0,89450400.0
2016-01-17 14:00:00,6381610000.0,72414900.0
2016-01-17 20:00:00,6441220000.0,63501500.0
2016-01-18 02:00:00,6384140000.0,46460000.0
2016-01-18 08:00:00,6299810000.0,47444800.0
2016-01-18 14:00:00,6482790000.0,56761600.0
2016-01-18 20:00:00,6446310000.0,65700000.0
2016-01-19 02:00:00,6427500000.0,54288300.0
2016-01-19 08:00:00,6427630000.0,50701700.0
2016-01-19 14:00:00,6449640000.0,50840400.0
2016-01-19 20:00:00,6350280000.0,54289300.0
2016-01-20 02:00:00,6320810000.0,49540600.0
2016-01-20 08:00:00,6344210000.0,50881600.0
2016-01-20 14:00:00,6751660000.0,76101600.0
2016-01-20 20:00:00,6857000000.0,112942000.0
2016-01-21 02:00:00,7014060000.0,125163000.0
2016-01-21 08:00:00,6903740000.0,134783000.0
2016-01-21 14:00:00,6901350000.0,122178000.0
2016-01-21 20:00:00,6821800000.0,99386200.0
2016-01-22 02:00:00,6805420000.0,69490500.0
2016-01-22 08:00:00,6652030000.0,85586200.0
2016-01-22 14:00:00,6622140000.0,95543400.0
2016-01-22 20:00:00,6384230000.0,102828000.0
2016-01-23 02:00:00,6480930000.0,107879000.0
2016-01-23 08:00:00,6548730000.0,96736200.0
2016-01-23 14:00:00,6488600000.0,96354600.0
2016-01-23 20:00:00,6539380000.0,89658900.0
2016-01-24 02:00:00,6565040000.0,65112200.0
2016-01-24 08:00:00,6568870000.0,60760000.0
2016-01-24 14:00:00,6698500000.0,66923100.0
2016-01-24 20:00:00,6817750000.0,75409000.0
2016-01-25 02:00:00,6710360000.0,70801200.0
2016-01-25 08:00:00,6727940000.0,75999900.0
2016-01-25 14:00:00,6756600000.0,83225700.0
2016-01-25 20:00:00,6606450000.0,88666200.0
2016-01-26 02:00:00,6668470000.0,96126400.0
2016-01-26 08:00:00,6678440000.0,101298000.0
2016-01-26 14:00:00,6745350000.0,107276000.0
2016-01-26 20:00:00,6713280000.0,109272000.0
2016-01-27 02:00:00,6709170000.0,109757000.0
2016-01-27 08:00:00,6773870000.0,115100000.0
2016-01-27 14:00:00,6796440000.0,104737000.0
2016-01-27 20:00:00,6826570000.0,100291000.0
2016-01-28 02:00:00,6807090000.0,92522200.0
2016-01-28 08:00:00,6588050000.0,95182900.0
2016-01-28 14:00:00,6614810000.0,96745400.0
2016-01-28 20:00:00,6600140000.0,93902500.0
2016-01-29 02:00:00,6385300000.0,95723200.0
2016-01-29 08:00:00,6460230000.0,88519700.0
2016-01-29 14:00:00,6567840000.0,96796400.0
2016-01-29 20:00:00,6514490000.0,104240000.0
2016-01-30 02:00:00,6566190000.0,91077100.0
2016-01-30 08:00:00,6562080000.0,75489100.0
2016-01-30 14:00:00,6520580000.0,61085300.0
2016-01-30 20:00:00,6503270000.0,52042600.0
2016-01-31 02:00:00,6530020000.0,42805100.0
2016-01-31 08:00:00,6522900000.0,42631800.0
2016-01-31 14:00:00,6477580000.0,47368200.0
2016-01-31 20:00:00,6485190000.0,50889200.0
2016-02-01 02:00:00,6333410000.0,56641600.0
2016-02-01 08:00:00,6437390000.0,70779600.0
2016-02-01 14:00:00,6472710000.0,74835400.0
2016-02-01 20:00:00,6401420000.0,72562600.0
2016-02-02 02:00:00,6423230000.0,65004100.0
2016-02-02 08:00:00,6438580000.0,60146700.0
2016-02-02 14:00:00,6441100000.0,55100800.0
2016-02-02 20:00:00,6459480000.0,53754800.0
2016-02-03 02:00:00,6454490000.0,48354900.0
2016-02-03 08:00:00,6466980000.0,48040200.0
2016-02-03 14:00:00,6440570000.0,49538900.0
2016-02-03 20:00:00,6424910000.0,54524000.0
2016-02-04 02:00:00,6449980000.0,52104500.0
2016-02-04 08:00:00,6472350000.0,52951500.0
2016-02-04 14:00:00,6515910000.0,55963000.0
2016-02-04 20:00:00,6674030000.0,73190600.0
2016-02-05 02:00:00,6704470000.0,73839100.0
2016-02-05 08:00:00,6680980000.0,76539000.0
2016-02-05 14:00:00,6723890000.0,77614100.0
2016-02-05 20:00:00,6695580000.0,61202100.0
2016-02-06 02:00:00,6607570000.0,57826000.0
2016-02-06 08:00:00,6535550000.0,66111200.0
2016-02-06 14:00:00,6557660000.0,63691600.0
2016-02-06 20:00:00,6540280000.0,62413000.0
2016-02-07 02:00:00,6566240000.0,47383200.0
2016-02-07 08:00:00,6600870000.0,36086800.0
2016-02-07 14:00:00,6653150000.0,38030800.0
2016-02-07 20:00:00,6610320000.0,47202100.0
2016-02-08 02:00:00,6657830000.0,49405500.0
2016-02-08 08:00:00,6667490000.0,51055700.0
2016-02-08 14:00:00,6634450000.0,56913100.0
2016-02-08 20:00:00,6578740000.0,59630700.0
2016-02-09 02:00:00,6584490000.0,57769600.0
2016-02-09 08:00:00,6573170000.0,65683200.0
2016-02-09 14:00:00,6647590000.0,77006600.0
2016-02-09 20:00:00,6632230000.0,72502500.0
2016-02-10 02:00:00,6691340000.0,82494800.0
2016-02-10 08:00:00,6771960000.0,91998400.0
2016-02-10 14:00:00,6836900000.0,101485000.0
2016-02-10 20:00:00,6751960000.0,117684000.0
2016-02-11 02:00:00,6829220000.0,111564000.0
2016-02-11 08:00:00,6789740000.0,104992000.0
2016-02-11 14:00:00,6846340000.0,99089900.0
2016-02-11 20:00:00,6803550000.0,99430900.0
2016-02-12 02:00:00,6934590000.0,114593000.0
2016-02-12 08:00:00,6895890000.0,124900000.0
2016-02-12 14:00:00,6939080000.0,126385000.0
2016-02-12 20:00:00,6968050000.0,117421000.0
2016-02-13 02:00:00,6989310000.0,94254300.0
2016-02-13 08:00:00,7028490000.0,93513900.0
2016-02-13 14:00:00,6986620000.0,84870500.0
2016-02-13 20:00:00,6991400000.0,91207300.0
2016-02-14 02:00:00,7116600000.0,89822100.0
2016-02-14 08:00:00,7125350000.0,86722700.0
2016-02-14 14:00:00,7145890000.0,95210800.0
2016-02-14 20:00:00,7217780000.0,88246800.0
2016-02-15 02:00:00,7333440000.0,78573300.0
2016-02-15 08:00:00,7353020000.0,84562400.0
2016-02-15 14:00:00,7314390000.0,91635900.0
2016-02-15 20:00:00,7236390000.0,98256200.0
2016-02-16 02:00:00,7251850000.0,81166200.0
2016-02-16 08:00:00,7240590000.0,77715400.0
2016-02-16 14:00:00,7276190000.0,84551400.0
2016-02-16 20:00:00,7283100000.0,98618700.0
2016-02-17 02:00:00,7312090000.0,94207800.0
2016-02-17 08:00:00,7313900000.0,101627000.0
2016-02-17 14:00:00,7384740000.0,109711000.0
2016-02-17 20:00:00,7413420000.0,104020000.0
2016-02-18 02:00:00,7338460000.0,104209000.0
2016-02-18 08:00:00,7401370000.0,102679000.0
2016-02-18 14:00:00,7427110000.0,112886000.0
2016-02-18 20:00:00,7425110000.0,111288000.0
2016-02-19 02:00:00,7476070000.0,91917200.0
2016-02-19 08:00:00,7444320000.0,95475200.0
2016-02-19 14:00:00,7485490000.0,76639700.0
2016-02-19 20:00:00,7454620000.0,73994500.0
2016-02-20 02:00:00,7508210000.0,64372700.0
2016-02-20 08:00:00,7550810000.0,62269300.0
2016-02-20 14:00:00,7656630000.0,76276000.0
2016-02-20 20:00:00,7773830000.0,105608000.0
2016-02-21 02:00:00,7739000000.0,99786800.0
2016-02-21 08:00:00,7879440000.0,108188000.0
2016-02-21 14:00:00,7665000000.0,118307000.0
2016-02-21 20:00:00,7727000000.0,106481000.0
2016-02-22 02:00:00,7715310000.0,92625600.0
2016-02-22 08:00:00,7766920000.0,116224000.0
2016-02-22 14:00:00,7809130000.0,102937000.0
2016-02-22 20:00:00,7810410000.0,102303000.0
2016-02-23 02:00:00,7865860000.0,87301500.0
2016-02-23 08:00:00,7816610000.0,83833000.0
2016-02-23 14:00:00,7621250000.0,99988500.0
2016-02-23 20:00:00,7519100000.0,110697000.0
2016-02-24 02:00:00,7619520000.0,93257500.0
2016-02-24 08:00:00,7508990000.0,95168600.0
2016-02-24 14:00:00,7579580000.0,81422400.0
2016-02-24 20:00:00,7669880000.0,86004900.0
2016-02-25 02:00:00,7710850000.0,83547800.0
2016-02-25 08:00:00,7689360000.0,87200700.0
2016-02-25 14:00:00,7684800000.0,90532100.0
2016-02-25 20:00:00,7656000000.0,98764500.0
2016-02-26 02:00:00,7621710000.0,86586600.0
2016-02-26 08:00:00,7692840000.0,87581600.0
2016-02-26 14:00:00,7690760000.0,86037100.0
2016-02-26 20:00:00,7655630000.0,72760800.0
2016-02-27 02:00:00,7779800000.0,100918000.0
2016-02-27 08:00:00,7754440000.0,181252000.0
2016-02-27 14:00:00,7756210000.0,206444000.0
2016-02-27 20:00:00,7812210000.0,64799900.0
2016-02-28 02:00:00,7670120000.0,61187100.0
2016-02-28 08:00:00,7744680000.0,62081000.0
2016-02-28 14:00:00,7783360000.0,65496500.0
2016-02-28 20:00:00,7871640000.0,73513000.0
2016-02-29 02:00:00,7912790000.0,73592300.0
2016-02-29 08:00:00,7875940000.0,77361500.0
2016-02-29 14:00:00,7874470000.0,82911300.0
2016-02-29 20:00:00,7887860000.0,75324100.0
2016-03-01 02:00:00,7910430000.0,73141900.0
2016-03-01 08:00:00,7829900000.0,73995200.0
2016-03-01 14:00:00,7894170000.0,72175800.0
2016-03-01 20:00:00,7920100000.0,99783700.0
2016-03-02 02:00:00,7946990000.0,107892000.0
2016-03-02 08:00:00,7922850000.0,103652000.0
2016-03-02 14:00:00,7920290000.0,118048000.0
2016-03-02 20:00:00,7972670000.0,103803000.0
2016-03-03 02:00:00,7820320000.0,113871000.0
2016-03-03 08:00:00,7899270000.0,121632000.0
2016-03-03 14:00:00,7976320000.0,127721000.0
2016-03-03 20:00:00,7883170000.0,150559000.0
2016-03-04 02:00:00,7937670000.0,151530000.0
2016-03-04 08:00:00,7932570000.0,146879000.0
2016-03-04 14:00:00,7908990000.0,138130000.0
2016-03-04 20:00:00,7876570000.0,113828000.0
2016-03-05 02:00:00,7739780000.0,139350000.0
2016-03-05 08:00:00,7777500000.0,140245000.0
2016-03-05 14:00:00,7806770000.0,159272000.0
2016-03-05 20:00:00,7812240000.0,206949000.0
2016-03-06 02:00:00,7674890000.0,204607000.0
2016-03-06 08:00:00,7778730000.0,204507000.0
2016-03-06 14:00:00,7863350000.0,190437000.0
2016-03-06 20:00:00,7856600000.0,169583000.0
2016-03-07 02:00:00,7839330000.0,138498000.0
2016-03-07 08:00:00,7805480000.0,137777000.0
2016-03-07 14:00:00,7833050000.0,148906000.0
2016-03-07 20:00:00,7840610000.0,131773000.0
2016-03-08 02:00:00,7848240000.0,129486000.0
2016-03-08 08:00:00,7790750000.0,131740000.0
2016-03-08 14:00:00,7835580000.0,127026000.0
2016-03-08 20:00:00,7853370000.0,115137000.0
2016-03-09 02:00:00,7839040000.0,106548000.0
2016-03-09 08:00:00,7904790000.0,107054000.0
2016-03-09 14:00:00,7922610000.0,101083000.0
2016-03-09 20:00:00,7963070000.0,102522000.0
2016-03-10 02:00:00,8039690000.0,121013000.0
2016-03-10 08:00:00,8039870000.0,121687000.0
2016-03-10 14:00:00,8062380000.0,121558000.0
2016-03-10 20:00:00,8067890000.0,138480000.0
2016-03-11 02:00:00,8059010000.0,126063000.0
2016-03-11 08:00:00,8088890000.0,130043000.0
2016-03-11 14:00:00,8165410000.0,136931000.0
2016-03-11 20:00:00,8187360000.0,119182000.0
2016-03-12 02:00:00,8189660000.0,114161000.0
2016-03-12 08:00:00,8192420000.0,148398000.0
2016-03-12 14:00:00,8195030000.0,146830000.0
2016-03-12 20:00:00,8149940000.0,154009000.0
2016-03-13 02:00:00,8247750000.0,164763000.0
2016-03-13 08:00:00,8272790000.0,126853000.0
2016-03-13 14:00:00,8399470000.0,117136000.0
2016-03-13 20:00:00,8567610000.0,107168000.0
2016-03-14 02:00:00,8156300000.0,148967000.0
2016-03-14 08:00:00,8201990000.0,157585000.0
2016-03-14 14:00:00,8260050000.0,164582000.0
2016-03-14 20:00:00,8250700000.0,172691000.0
2016-03-15 02:00:00,8188430000.0,138718000.0
2016-03-15 08:00:00,8201000000.0,127609000.0
2016-03-15 14:00:00,8189460000.0,122947000.0
2016-03-15 20:00:00,8199960000.0,122164000.0
2016-03-16 02:00:00,8228790000.0,104036000.0
2016-03-16 08:00:00,8211020000.0,100939000.0
2016-03-16 14:00:00,8222970000.0,105211000.0
2016-03-16 20:00:00,8204170000.0,98742200.0
2016-03-17 02:00:00,8187310000.0,100092000.0
2016-03-17 08:00:00,8172570000.0,100686000.0
2016-03-17 14:00:00,8079010000.0,122725000.0
2016-03-17 20:00:00,8136600000.0,142232000.0
2016-03-18 02:00:00,8075510000.0,138256000.0
2016-03-18 08:00:00,8009570000.0,140126000.0
2016-03-18 14:00:00,7874190000.0,147390000.0
2016-03-18 20:00:00,7780660000.0,161718000.0
2016-03-19 02:00:00,7863250000.0,172533000.0
2016-03-19 08:00:00,7875910000.0,169068000.0
2016-03-19 14:00:00,7907020000.0,134016000.0
2016-03-19 20:00:00,7868290000.0,99685300.0
2016-03-20 02:00:00,7937620000.0,88010700.0
2016-03-20 08:00:00,7907990000.0,82684200.0
2016-03-20 14:00:00,7905150000.0,72045500.0
2016-03-20 20:00:00,7907110000.0,70296500.0
2016-03-21 02:00:00,7910710000.0,69766600.0
2016-03-21 08:00:00,7935930000.0,75637400.0
2016-03-21 14:00:00,7957840000.0,80439800.0
2016-03-21 20:00:00,8024240000.0,93589700.0
2016-03-22 02:00:00,8027380000.0,99180800.0
2016-03-22 08:00:00,8126870000.0,101029000.0
2016-03-22 14:00:00,8117310000.0,100704000.0
2016-03-22 20:00:00,8098530000.0,99428300.0
2016-03-23 02:00:00,8108950000.0,84421800.0
2016-03-23 08:00:00,8141470000.0,84967900.0
2016-03-23 14:00:00,8156230000.0,85050000.0
2016-03-23 20:00:00,8209110000.0,87475800.0
2016-03-24 02:00:00,8143510000.0,92761500.0
2016-03-24 08:00:00,8106960000.0,95835400.0
2016-03-24 14:00:00,8085160000.0,107442000.0
2016-03-24 20:00:00,8086700000.0,104807000.0
2016-03-25 02:00:00,8095280000.0,90513100.0
2016-03-25 08:00:00,8092210000.0,90895000.0
2016-03-25 14:00:00,8078270000.0,79196200.0
2016-03-25 20:00:00,8074750000.0,77426300.0
2016-03-26 02:00:00,8125300000.0,70527900.0
2016-03-26 08:00:00,8105810000.0,61945800.0
2016-03-26 14:00:00,8057670000.0,61255100.0
2016-03-26 20:00:00,8087100000.0,60377300.0
2016-03-27 02:00:00,8117420000.0,50137800.0
2016-03-27 08:00:00,8114340000.0,51567300.0
2016-03-27 14:00:00,8103770000.0,53133700.0
2016-03-27 20:00:00,8210640000.0,90664700.0
2016-03-28 02:00:00,8196050000.0,94687600.0
2016-03-28 08:00:00,8232180000.0,114758000.0
2016-03-28 14:00:00,8213590000.0,122326000.0
2016-03-28 20:00:00,8223490000.0,106182000.0
2016-03-29 02:00:00,8258990000.0,95099300.0
2016-03-29 08:00:00,8242460000.0,83014300.0
2016-03-29 14:00:00,8109110000.0,105758000.0
2016-03-29 20:00:00,8109850000.0,102241000.0
2016-03-30 02:00:00,8111270000.0,95615000.0
2016-03-30 08:00:00,8094180000.0,106689000.0
2016-03-30 14:00:00,8080670000.0,91534700.0
2016-03-30 20:00:00,8118140000.0,92872500.0
2016-03-31 02:00:00,8146980000.0,89308100.0
2016-03-31 08:00:00,8127610000.0,83579000.0
2016-03-31 14:00:00,8135230000.0,82377400.0
2016-03-31 20:00:00,8124230000.0,80076200.0
2016-04-01 02:00:00,8114060000.0,75124400.0
2016-04-01 08:00:00,8113270000.0,79080200.0
2016-04-01 14:00:00,8133760000.0,79965600.0
2016-04-01 20:00:00,8127900000.0,77547700.0
2016-04-02 02:00:00,8183150000.0,69810500.0
2016-04-02 08:00:00,8170080000.0,68552200.0
2016-04-02 14:00:00,8169990000.0,64530500.0
2016-04-02 20:00:00,8189070000.0,62550300.0
2016-04-03 02:00:00,8195520000.0,47381900.0
2016-04-03 08:00:00,8179680000.0,44655100.0
2016-04-03 14:00:00,8202000000.0,46479000.0
2016-04-03 20:00:00,8193640000.0,47723300.0
2016-04-04 02:00:00,8210290000.0,44251800.0
2016-04-04 08:00:00,8223870000.0,48500600.0
2016-04-04 14:00:00,8163910000.0,56793200.0
2016-04-04 20:00:00,8189950000.0,64504300.0
2016-04-05 02:00:00,8170830000.0,61178200.0
2016-04-05 08:00:00,8175550000.0,76715500.0
2016-04-05 14:00:00,8181900000.0,74416100.0
2016-04-05 20:00:00,8140070000.0,78991300.0
2016-04-06 02:00:00,8161730000.0,85249200.0
2016-04-06 08:00:00,8128260000.0,80677100.0
2016-04-06 14:00:00,8157290000.0,91841000.0
2016-04-06 20:00:00,8175500000.0,90758300.0
2016-04-07 02:00:00,8162220000.0,74940300.0
2016-04-07 08:00:00,8133390000.0,71962500.0
2016-04-07 14:00:00,8108570000.0,69235400.0
2016-04-07 20:00:00,8081650000.0,75485400.0
2016-04-08 02:00:00,8084680000.0,71575100.0
2016-04-08 08:00:00,8101160000.0,77674400.0
2016-04-08 14:00:00,8078100000.0,83893000.0
2016-04-08 20:00:00,8029290000.0,84281000.0
2016-04-09 02:00:00,7961320000.0,83574100.0
2016-04-09 08:00:00,7982620000.0,78592900.0
2016-04-09 14:00:00,7968620000.0,68056300.0
2016-04-09 20:00:00,7926280000.0,73177700.0
2016-04-10 02:00:00,7929400000.0,61096700.0
2016-04-10 08:00:00,7909680000.0,71408600.0
2016-04-10 14:00:00,7829260000.0,103353000.0
2016-04-10 20:00:00,7890770000.0,123068000.0
2016-04-11 02:00:00,7890380000.0,122182000.0
2016-04-11 08:00:00,7876860000.0,115364000.0
2016-04-11 14:00:00,7879300000.0,97022700.0
2016-04-11 20:00:00,7912640000.0,75644700.0
2016-04-12 02:00:00,7888720000.0,66315900.0
2016-04-12 08:00:00,7898140000.0,76254000.0
2016-04-12 14:00:00,7921130000.0,76716600.0
2016-04-12 20:00:00,7854590000.0,97720000.0
2016-04-13 02:00:00,7869770000.0,96589900.0
2016-04-13 08:00:00,7845540000.0,98104700.0
2016-04-13 14:00:00,7882520000.0,116735000.0
2016-04-13 20:00:00,7903370000.0,115941000.0
2016-04-14 02:00:00,7915500000.0,103026000.0
2016-04-14 08:00:00,7923440000.0,100044000.0
2016-04-14 14:00:00,7921120000.0,82379700.0
2016-04-14 20:00:00,7901170000.0,67774100.0
2016-04-15 02:00:00,7942870000.0,57827500.0
2016-04-15 08:00:00,7967760000.0,57457200.0
2016-04-15 14:00:00,8009550000.0,64867400.0
2016-04-15 20:00:00,8015380000.0,72851000.0
2016-04-16 02:00:00,7998830000.0,65004400.0
2016-04-16 08:00:00,8055440000.0,66638300.0
2016-04-16 14:00:00,8018920000.0,59775900.0
2016-04-16 20:00:00,8043170000.0,50676300.0
2016-04-17 02:00:00,8092150000.0,50828400.0
2016-04-17 08:00:00,8082530000.0,59463100.0
2016-04-17 14:00:00,8104090000.0,73583700.0
2016-04-17 20:00:00,8079590000.0,80773800.0
2016-04-18 02:00:00,8093870000.0,77321900.0
2016-04-18 08:00:00,8129930000.0,70752100.0
2016-04-18 14:00:00,8112770000.0,79603900.0
2016-04-18 20:00:00,8082130000.0,84217500.0
2016-04-19 02:00:00,8102510000.0,74065600.0
2016-04-19 08:00:00,8121930000.0,75389800.0
2016-04-19 14:00:00,8126500000.0,59080900.0
2016-04-19 20:00:00,8136710000.0,54959200.0
2016-04-20 02:00:00,8181110000.0,68531400.0
2016-04-20 08:00:00,8201340000.0,77855000.0
2016-04-20 14:00:00,8210370000.0,83649500.0
2016-04-20 20:00:00,8277760000.0,101426000.0
2016-04-21 02:00:00,8308080000.0,85699600.0
2016-04-21 08:00:00,8308850000.0,84202400.0
2016-04-21 14:00:00,8322400000.0,84190400.0
2016-04-21 20:00:00,8401470000.0,81929400.0
2016-04-22 02:00:00,8318420000.0,83428900.0
2016-04-22 08:00:00,8326050000.0,85815900.0
2016-04-22 14:00:00,8293520000.0,88296100.0
2016-04-22 20:00:00,8312250000.0,88570500.0
2016-04-23 02:00:00,8300380000.0,68292200.0
2016-04-23 08:00:00,8293610000.0,63865300.0
2016-04-23 14:00:00,8323010000.0,63683400.0
2016-04-23 20:00:00,8351150000.0,60069300.0
2016-04-24 02:00:00,8463600000.0,67770900.0
2016-04-24 08:00:00,8451990000.0,71700700.0
2016-04-24 14:00:00,8440660000.0,76253200.0
2016-04-24 20:00:00,8541370000.0,90350100.0
2016-04-25 02:00:00,8485040000.0,76345800.0
2016-04-25 08:00:00,8507530000.0,80404900.0
2016-04-25 14:00:00,8487890000.0,86338000.0
2016-04-25 20:00:00,8518080000.0,96382900.0
2016-04-26 02:00:00,8549250000.0,110391000.0
2016-04-26 08:00:00,8546200000.0,120571000.0
2016-04-26 14:00:00,8531640000.0,128023000.0
2016-04-26 20:00:00,8593580000.0,130940000.0
2016-04-27 02:00:00,8562440000.0,99651900.0
2016-04-27 08:00:00,8579900000.0,94563400.0
2016-04-27 14:00:00,8420700000.0,122513000.0
2016-04-27 20:00:00,8412190000.0,116912000.0
2016-04-28 02:00:00,8207810000.0,131705000.0
2016-04-28 08:00:00,8220160000.0,141469000.0
2016-04-28 14:00:00,8249310000.0,114060000.0
2016-04-28 20:00:00,8280860000.0,108401000.0
2016-04-29 02:00:00,8264530000.0,72739300.0
2016-04-29 08:00:00,8306520000.0,66747700.0
2016-04-29 14:00:00,8326660000.0,61501100.0
2016-04-29 20:00:00,8389240000.0,63394300.0
2016-04-30 02:00:00,8407450000.0,58846200.0
2016-04-30 08:00:00,8420490000.0,60914500.0
2016-04-30 14:00:00,8460670000.0,72676900.0
2016-04-30 20:00:00,8451150000.0,106999000.0
2016-05-01 02:00:00,8397580000.0,107488000.0
2016-05-01 08:00:00,8429280000.0,106376000.0
2016-05-01 14:00:00,8452430000.0,101336000.0
2016-05-01 20:00:00,8430930000.0,67863700.0
2016-05-02 02:00:00,8479560000.0,54270300.0
2016-05-02 08:00:00,8480210000.0,65230600.0
2016-05-02 14:00:00,8423050000.0,117137000.0
2016-05-02 20:00:00,8397090000.0,128870000.0
2016-05-03 02:00:00,8404790000.0,138180000.0
2016-05-03 08:00:00,8452120000.0,135996000.0
2016-05-03 14:00:00,8449510000.0,93680000.0
2016-05-03 20:00:00,8490780000.0,93818400.0
2016-05-04 02:00:00,8471960000.0,81496600.0
2016-05-04 08:00:00,8505210000.0,80626200.0
2016-05-04 14:00:00,8460320000.0,81214600.0
2016-05-04 20:00:00,8447870000.0,73900500.0
2016-05-05 02:00:00,8444310000.0,74747800.0
2016-05-05 08:00:00,8443540000.0,75346200.0
2016-05-05 14:00:00,8449650000.0,64666500.0
2016-05-05 20:00:00,8505650000.0,78008600.0
2016-05-06 02:00:00,8489250000.0,69832600.0
2016-05-06 08:00:00,8531730000.0,73215200.0
2016-05-06 14:00:00,8549530000.0,81470800.0
2016-05-06 20:00:00,8591330000.0,82666500.0
2016-05-07 02:00:00,8641330000.0,100746000.0
2016-05-07 08:00:00,8635170000.0,98237600.0
2016-05-07 14:00:00,8640310000.0,91024800.0
2016-05-07 20:00:00,8648060000.0,80024600.0
2016-05-08 02:00:00,8631890000.0,51575300.0
2016-05-08 08:00:00,8598980000.0,54386700.0
2016-05-08 14:00:00,8595180000.0,56372800.0
2016-05-08 20:00:00,8649800000.0,60207500.0
2016-05-09 02:00:00,8626360000.0,56353800.0
2016-05-09 08:00:00,8622710000.0,55537600.0
2016-05-09 14:00:00,8649020000.0,57392300.0
2016-05-09 20:00:00,8668080000.0,72726000.0
2016-05-10 02:00:00,8679830000.0,74299000.0
2016-05-10 08:00:00,8660230000.0,74341200.0
2016-05-10 14:00:00,8531730000.0,89956600.0
2016-05-10 20:00:00,8538010000.0,79327300.0
2016-05-11 02:00:00,8548830000.0,82741200.0
2016-05-11 08:00:00,8569040000.0,81648700.0
2016-05-11 14:00:00,8570240000.0,65823600.0
2016-05-11 20:00:00,8598560000.0,73576800.0
2016-05-12 02:00:00,8586250000.0,65986100.0
2016-05-12 08:00:00,8556350000.0,75179700.0
2016-05-12 14:00:00,8605460000.0,83018600.0
2016-05-12 20:00:00,8597400000.0,83327100.0
2016-05-13 02:00:00,8644090000.0,87381000.0
2016-05-13 08:00:00,8698450000.0,96422700.0
2016-05-13 14:00:00,8711920000.0,97385100.0
2016-05-13 20:00:00,8682370000.0,102947000.0
2016-05-14 02:00:00,8696180000.0,95401600.0
2016-05-14 08:00:00,8627240000.0,87623500.0
2016-05-14 14:00:00,8647940000.0,84738400.0
2016-05-14 20:00:00,8669660000.0,64390000.0
2016-05-15 02:00:00,8673160000.0,57314800.0
2016-05-15 08:00:00,8649680000.0,50014800.0
2016-05-15 14:00:00,8655630000.0,42589400.0
2016-05-15 20:00:00,8678860000.0,43706100.0
2016-05-16 02:00:00,8687580000.0,37921600.0
2016-05-16 08:00:00,8676130000.0,40260600.0
2016-05-16 14:00:00,8690120000.0,43058400.0
2016-05-16 20:00:00,8724610000.0,86218400.0
2016-05-17 02:00:00,8734970000.0,99220200.0
2016-05-17 08:00:00,8748160000.0,107988000.0
2016-05-17 14:00:00,8787520000.0,127032000.0
2016-05-17 20:00:00,8782290000.0,112858000.0
2016-05-18 02:00:00,8815770000.0,109573000.0
2016-05-18 08:00:00,8876240000.0,119682000.0
2016-05-18 14:00:00,8898000000.0,165404000.0
2016-05-18 20:00:00,8927180000.0,154759000.0
2016-05-19 02:00:00,8933600000.0,155449000.0
2016-05-19 08:00:00,8969060000.0,149799000.0
2016-05-19 14:00:00,8884390000.0,127483000.0
2016-05-19 20:00:00,8836330000.0,136000000.0
2016-05-20 02:00:00,8804420000.0,164775000.0
2016-05-20 08:00:00,8858390000.0,180027000.0
2016-05-20 14:00:00,8787230000.0,171801000.0
2016-05-20 20:00:00,8775820000.0,169789000.0
2016-05-21 02:00:00,8736940000.0,136724000.0
2016-05-21 08:00:00,8755280000.0,123777000.0
2016-05-21 14:00:00,8755820000.0,91782600.0
2016-05-21 20:00:00,8784880000.0,78926600.0
2016-05-22 02:00:00,8806100000.0,62342600.0
2016-05-22 08:00:00,8789650000.0,56102300.0
2016-05-22 14:00:00,8776960000.0,54035100.0
2016-05-22 20:00:00,8761450000.0,59484000.0
2016-05-23 02:00:00,8750000000.0,56668400.0
2016-05-23 08:00:00,8810540000.0,65682000.0
2016-05-23 14:00:00,8793850000.0,76451100.0
2016-05-23 20:00:00,8791540000.0,75952000.0
2016-05-24 02:00:00,8771880000.0,79814400.0
2016-05-24 08:00:00,8801360000.0,75978800.0
2016-05-24 14:00:00,8751930000.0,87072600.0
2016-05-24 20:00:00,8732280000.0,114126000.0
2016-05-25 02:00:00,8731120000.0,111532000.0
2016-05-25 08:00:00,8753630000.0,116989000.0
2016-05-25 14:00:00,8753750000.0,107610000.0
2016-05-25 20:00:00,8769600000.0,114730000.0
2016-05-26 02:00:00,8778410000.0,100034000.0
2016-05-26 08:00:00,8802700000.0,101407000.0
2016-05-26 14:00:00,8847280000.0,110570000.0
2016-05-26 20:00:00,8851370000.0,108757000.0
2016-05-27 02:00:00,9025090000.0,135313000.0
2016-05-27 08:00:00,9198550000.0,207448000.0
2016-05-27 14:00:00,9109260000.0,239876000.0
2016-05-27 20:00:00,9092180000.0,248683000.0
2016-05-28 02:00:00,9128700000.0,234329000.0
2016-05-28 08:00:00,9451560000.0,225354000.0
2016-05-28 14:00:00,9546160000.0,206525000.0
2016-05-28 20:00:00,9577610000.0,198208000.0
2016-05-29 02:00:00,10060600000.0,249287000.0
2016-05-29 08:00:00,9938060000.0,205286000.0
2016-05-29 14:00:00,10081300000.0,192417000.0
2016-05-29 20:00:00,10572500000.0,232189000.0
2016-05-30 02:00:00,10174200000.0,187738000.0
2016-05-30 08:00:00,10315300000.0,176971000.0
2016-05-30 14:00:00,10364100000.0,172753000.0
2016-05-30 20:00:00,10452500000.0,147581000.0
2016-05-31 02:00:00,10377900000.0,112057000.0
2016-05-31 08:00:00,10471100000.0,109531000.0
2016-05-31 14:00:00,10572900000.0,131138000.0
2016-05-31 20:00:00,10243400000.0,172281000.0
2016-06-01 02:00:00,10381200000.0,198266000.0
2016-06-01 08:00:00,10415800000.0,205633000.0
2016-06-01 14:00:00,10590900000.0,286113000.0
2016-06-01 20:00:00,10423500000.0,155018000.0
2016-06-02 02:00:00,10496000000.0,121139000.0
2016-06-02 08:00:00,10478600000.0,108789000.0
2016-06-02 14:00:00,10445700000.0,92721900.0
2016-06-02 20:00:00,10454300000.0,82077600.0
2016-06-03 02:00:00,10529400000.0,76518500.0
2016-06-03 08:00:00,10514900000.0,76695300.0
2016-06-03 14:00:00,10754900000.0,106116000.0
2016-06-03 20:00:00,11003100000.0,154139000.0
2016-06-04 02:00:00,11000600000.0,158418000.0
2016-06-04 08:00:00,11177600000.0,170104000.0
2016-06-04 14:00:00,11095100000.0,165469000.0
2016-06-04 20:00:00,11043500000.0,134579000.0
2016-06-05 02:00:00,11188100000.0,123923000.0
2016-06-05 08:00:00,11110000000.0,117806000.0
2016-06-05 14:00:00,11093400000.0,97554300.0
2016-06-05 20:00:00,11121100000.0,84853200.0
2016-06-06 02:00:00,11177600000.0,88344500.0
2016-06-06 08:00:00,11273100000.0,95492400.0
2016-06-06 14:00:00,11267600000.0,93286800.0
2016-06-06 20:00:00,11263300000.0,98114800.0
2016-06-07 02:00:00,11342400000.0,94726800.0
2016-06-07 08:00:00,11278400000.0,92359600.0
2016-06-07 14:00:00,11264600000.0,92724800.0
2016-06-07 20:00:00,11121000000.0,139737000.0
2016-06-08 02:00:00,11180500000.0,132979000.0
2016-06-08 08:00:00,11162500000.0,136359000.0
2016-06-08 14:00:00,11225800000.0,147308000.0
2016-06-08 20:00:00,11262000000.0,108087000.0
2016-06-09 02:00:00,11233000000.0,95396500.0
2016-06-09 08:00:00,11254900000.0,91941600.0
2016-06-09 14:00:00,11140900000.0,93346500.0
2016-06-09 20:00:00,11205700000.0,98006500.0
2016-06-10 02:00:00,11185600000.0,74570700.0
2016-06-10 08:00:00,11192100000.0,78478800.0
2016-06-10 14:00:00,11194500000.0,84108600.0
2016-06-10 20:00:00,11181800000.0,88765800.0
2016-06-11 02:00:00,11249600000.0,74190100.0
2016-06-11 08:00:00,11281200000.0,83340200.0
2016-06-11 14:00:00,11257700000.0,83149200.0
2016-06-11 20:00:00,11271100000.0,79546400.0
2016-06-12 02:00:00,11912700000.0,119836000.0
2016-06-12 08:00:00,12059700000.0,166702000.0
2016-06-12 14:00:00,12318400000.0,240821000.0
2016-06-12 20:00:00,12483100000.0,288732000.0
2016-06-13 02:00:00,12933300000.0,285633000.0
2016-06-13 08:00:00,13224500000.0,306842000.0
2016-06-13 14:00:00,13476500000.0,299455000.0
2016-06-13 20:00:00,13313100000.0,352359000.0
2016-06-14 02:00:00,13369500000.0,297300000.0
2016-06-14 08:00:00,13495000000.0,305639000.0
2016-06-14 14:00:00,13438600000.0,298565000.0
2016-06-14 20:00:00,13373400000.0,290301000.0
2016-06-15 02:00:00,13355900000.0,277323000.0
2016-06-15 08:00:00,13335300000.0,230068000.0
2016-06-15 14:00:00,13370200000.0,213691000.0
2016-06-15 20:00:00,13537700000.0,156607000.0
2016-06-16 02:00:00,14062000000.0,188908000.0
2016-06-16 08:00:00,14306900000.0,236950000.0
2016-06-16 14:00:00,14327000000.0,260377000.0
2016-06-16 20:00:00,14921000000.0,312803000.0
2016-06-17 02:00:00,15043600000.0,295057000.0
2016-06-17 08:00:00,14333000000.0,345665000.0
2016-06-17 14:00:00,14241700000.0,545862000.0
2016-06-17 20:00:00,14101200000.0,573715000.0
2016-06-18 02:00:00,13870800000.0,610071000.0
2016-06-18 08:00:00,13821400000.0,522739000.0
2016-06-18 14:00:00,13904800000.0,372990000.0
2016-06-18 20:00:00,14253800000.0,459703000.0
2016-06-19 02:00:00,13808800000.0,417969000.0
2016-06-19 08:00:00,13960600000.0,442519000.0
2016-06-19 14:00:00,14017700000.0,407960000.0
2016-06-19 20:00:00,14033600000.0,263714000.0
2016-06-20 02:00:00,13962000000.0,215465000.0
2016-06-20 08:00:00,13987300000.0,213833000.0
2016-06-20 14:00:00,13825000000.0,228027000.0
2016-06-20 20:00:00,13641600000.0,257835000.0
2016-06-21 02:00:00,13011700000.0,268391000.0
2016-06-21 08:00:00,13185100000.0,277226000.0
2016-06-21 14:00:00,12289100000.0,309444000.0
2016-06-21 20:00:00,12319900000.0,376738000.0
2016-06-22 02:00:00,12725100000.0,412592000.0
2016-06-22 08:00:00,12914300000.0,470739000.0
2016-06-22 14:00:00,12701000000.0,438505000.0
2016-06-22 20:00:00,11980500000.0,408645000.0
2016-06-23 02:00:00,10765400000.0,397502000.0
2016-06-23 08:00:00,11339200000.0,395430000.0
2016-06-23 14:00:00,11195900000.0,361277000.0
2016-06-23 20:00:00,11622200000.0,347017000.0
2016-06-24 02:00:00,12176700000.0,287412000.0
2016-06-24 08:00:00,12617600000.0,342160000.0
2016-06-24 14:00:00,12510800000.0,336527000.0
2016-06-24 20:00:00,12604200000.0,298931000.0
2016-06-25 02:00:00,13137300000.0,289137000.0
2016-06-25 08:00:00,12971700000.0,198549000.0
2016-06-25 14:00:00,12920700000.0,167663000.0
2016-06-25 20:00:00,12473200000.0,159656000.0
2016-06-26 02:00:00,12664800000.0,139275000.0
2016-06-26 08:00:00,12551200000.0,126701000.0
2016-06-26 14:00:00,12030900000.0,154626000.0
2016-06-26 20:00:00,12028500000.0,148692000.0
2016-06-27 02:00:00,12381600000.0,155188000.0
2016-06-27 08:00:00,12392700000.0,160251000.0
2016-06-27 14:00:00,12100700000.0,136070000.0
2016-06-27 20:00:00,12359700000.0,137221000.0
2016-06-28 02:00:00,12533300000.0,145248000.0
2016-06-28 08:00:00,12397300000.0,147120000.0
2016-06-28 14:00:00,12367900000.0,164285000.0
2016-06-28 20:00:00,12266800000.0,218444000.0
2016-06-29 02:00:00,12065600000.0,217344000.0
2016-06-29 08:00:00,12110300000.0,233894000.0
2016-06-29 14:00:00,12024600000.0,227209000.0
2016-06-29 20:00:00,12235700000.0,205497000.0
2016-06-30 02:00:00,12200900000.0,185691000.0
2016-06-30 08:00:00,12217900000.0,163475000.0
2016-06-30 14:00:00,12716800000.0,197022000.0
2016-06-30 20:00:00,12681200000.0,182961000.0
2016-07-01 02:00:00,12748500000.0,176216000.0
2016-07-01 08:00:00,12774500000.0,202211000.0
2016-07-01 14:00:00,12799700000.0,170682000.0
2016-07-01 20:00:00,12789100000.0,171505000.0
2016-07-02 02:00:00,12831500000.0,156254000.0
2016-07-02 08:00:00,12810900000.0,135856000.0
2016-07-02 14:00:00,13114700000.0,157298000.0
2016-07-02 20:00:00,13069900000.0,137644000.0
2016-07-03 02:00:00,13198400000.0,128508000.0
2016-07-03 08:00:00,12894200000.0,150656000.0
2016-07-03 14:00:00,12815000000.0,140762000.0
2016-07-03 20:00:00,12554600000.0,166419000.0
2016-07-04 02:00:00,12542400000.0,151419000.0
2016-07-04 08:00:00,12778600000.0,143277000.0
2016-07-04 14:00:00,12839300000.0,142403000.0
2016-07-04 20:00:00,12733200000.0,118726000.0
2016-07-05 02:00:00,12809500000.0,112789000.0
2016-07-05 08:00:00,12704700000.0,116698000.0
2016-07-05 14:00:00,12517200000.0,164665000.0
2016-07-05 20:00:00,12543700000.0,190954000.0
2016-07-06 02:00:00,12703300000.0,204268000.0
2016-07-06 08:00:00,12651100000.0,218431000.0
2016-07-06 14:00:00,12602800000.0,178225000.0
2016-07-06 20:00:00,12710800000.0,163909000.0
2016-07-07 02:00:00,12707700000.0,164939000.0
2016-07-07 08:00:00,12022900000.0,207641000.0
2016-07-07 14:00:00,12032800000.0,227308000.0
2016-07-07 20:00:00,11699800000.0,266588000.0
2016-07-08 02:00:00,12042400000.0,291965000.0
2016-07-08 08:00:00,12062300000.0,248488000.0
2016-07-08 14:00:00,12250500000.0,254564000.0
2016-07-08 20:00:00,12331800000.0,180579000.0
2016-07-09 02:00:00,12519000000.0,173195000.0
2016-07-09 08:00:00,12369600000.0,185503000.0
2016-07-09 14:00:00,12249500000.0,180856000.0
2016-07-09 20:00:00,12165900000.0,225884000.0
2016-07-10 02:00:00,12247600000.0,202948000.0
2016-07-10 08:00:00,12236100000.0,189748000.0
2016-07-10 14:00:00,12251700000.0,181222000.0
2016-07-10 20:00:00,12275000000.0,125831000.0
2016-07-11 02:00:00,12444000000.0,112379000.0
2016-07-11 08:00:00,12303100000.0,120259000.0
2016-07-11 14:00:00,12247300000.0,126051000.0
2016-07-11 20:00:00,12260300000.0,136099000.0
2016-07-12 02:00:00,12309000000.0,123983000.0
2016-07-12 08:00:00,12327700000.0,114253000.0
2016-07-12 14:00:00,12456600000.0,124728000.0
2016-07-12 20:00:00,12715200000.0,160844000.0
2016-07-13 02:00:00,12746500000.0,157046000.0
2016-07-13 08:00:00,12778500000.0,168671000.0
2016-07-13 14:00:00,12687600000.0,176164000.0
2016-07-13 20:00:00,12667600000.0,162003000.0
2016-07-14 02:00:00,12637100000.0,155386000.0
2016-07-14 08:00:00,12687000000.0,157225000.0
2016-07-14 14:00:00,12818300000.0,126699000.0
2016-07-14 20:00:00,12865900000.0,131407000.0
2016-07-15 02:00:00,12858600000.0,111127000.0
2016-07-15 08:00:00,12944200000.0,113256000.0
2016-07-15 14:00:00,12939900000.0,127589000.0
2016-07-15 20:00:00,12962100000.0,126886000.0
2016-07-16 02:00:00,12959600000.0,113601000.0
2016-07-16 08:00:00,12894000000.0,104728000.0
2016-07-16 14:00:00,12847700000.0,83453300.0
2016-07-16 20:00:00,12861700000.0,75978500.0
2016-07-17 02:00:00,12845800000.0,54184300.0
2016-07-17 08:00:00,12908200000.0,68225100.0
2016-07-17 14:00:00,12944900000.0,70552600.0
2016-07-17 20:00:00,13093800000.0,98236200.0
2016-07-18 02:00:00,13082800000.0,98260400.0
2016-07-18 08:00:00,13121300000.0,95303500.0
2016-07-18 14:00:00,13055800000.0,99585800.0
2016-07-18 20:00:00,12915900000.0,96283900.0
2016-07-19 02:00:00,12920900000.0,91243400.0
2016-07-19 08:00:00,13008800000.0,92580200.0
2016-07-19 14:00:00,13001900000.0,92442000.0
2016-07-19 20:00:00,13063500000.0,98187600.0
2016-07-20 02:00:00,13104800000.0,97590900.0
2016-07-20 08:00:00,13079100000.0,99717800.0
2016-07-20 14:00:00,13100600000.0,144273000.0
2016-07-20 20:00:00,13030300000.0,169582000.0
2016-07-21 02:00:00,13000700000.0,167904000.0
2016-07-21 08:00:00,13017100000.0,171040000.0
2016-07-21 14:00:00,13000400000.0,129477000.0
2016-07-21 20:00:00,13041400000.0,101263000.0
2016-07-22 02:00:00,13057200000.0,99495000.0
2016-07-22 08:00:00,13054600000.0,101237000.0
2016-07-22 14:00:00,12971100000.0,174235000.0
2016-07-22 20:00:00,13103200000.0,198636000.0
2016-07-23 02:00:00,13050300000.0,231586000.0
2016-07-23 08:00:00,13001600000.0,245461000.0
2016-07-23 14:00:00,12928700000.0,186527000.0
2016-07-23 20:00:00,12925100000.0,156077000.0
2016-07-24 02:00:00,12905900000.0,99822500.0
2016-07-24 08:00:00,12845400000.0,110627000.0
2016-07-24 14:00:00,12834000000.0,165253000.0
2016-07-24 20:00:00,12961800000.0,217692000.0
2016-07-25 02:00:00,12923700000.0,224038000.0
2016-07-25 08:00:00,12868100000.0,212915000.0
2016-07-25 14:00:00,12808900000.0,175261000.0
2016-07-25 20:00:00,12821900000.0,132341000.0
2016-07-26 02:00:00,12865400000.0,134378000.0
2016-07-26 08:00:00,12721700000.0,131664000.0
2016-07-26 14:00:00,12738400000.0,292438000.0
2016-07-26 20:00:00,12824700000.0,402555000.0
2016-07-27 02:00:00,12683200000.0,450980000.0
2016-07-27 08:00:00,12779100000.0,473768000.0
2016-07-27 14:00:00,12787100000.0,364877000.0
2016-07-27 20:00:00,12804700000.0,312063000.0
2016-07-28 02:00:00,12797500000.0,265515000.0
2016-07-28 08:00:00,12776200000.0,229688000.0
2016-07-28 14:00:00,12800900000.0,195653000.0
2016-07-28 20:00:00,12831500000.0,171459000.0
2016-07-29 02:00:00,12807800000.0,155102000.0
2016-07-29 08:00:00,12767900000.0,159709000.0
2016-07-29 14:00:00,12793700000.0,137769000.0
2016-07-29 20:00:00,12802900000.0,112392000.0
2016-07-30 02:00:00,12793300000.0,99287200.0
2016-07-30 08:00:00,12783600000.0,88817700.0
2016-07-30 14:00:00,12786800000.0,74443200.0
2016-07-30 20:00:00,12762300000.0,71287300.0
2016-07-31 02:00:00,12757600000.0,60657600.0
2016-07-31 08:00:00,12475800000.0,95349200.0
2016-07-31 14:00:00,12443000000.0,122724000.0
2016-07-31 20:00:00,12363900000.0,159386000.0
2016-08-01 02:00:00,12168500000.0,182230000.0
2016-08-01 08:00:00,12179000000.0,173016000.0
2016-08-01 14:00:00,12243800000.0,199353000.0
2016-08-01 20:00:00,12048000000.0,188562000.0
2016-08-02 02:00:00,11936100000.0,215622000.0
2016-08-02 08:00:00,11810100000.0,343269000.0
2016-08-02 14:00:00,11908300000.0,354931000.0
2016-08-02 20:00:00,11307200000.0,457217000.0
2016-08-03 02:00:00,10779600000.0,632360000.0
2016-08-03 08:00:00,10892600000.0,577370000.0
2016-08-03 14:00:00,11254000000.0,613134000.0
2016-08-03 20:00:00,11135100000.0,498732000.0
2016-08-04 02:00:00,11269400000.0,310806000.0
2016-08-04 08:00:00,11328500000.0,285925000.0
2016-08-04 14:00:00,11397800000.0,284743000.0
2016-08-04 20:00:00,11198600000.0,250820000.0
2016-08-05 02:00:00,11383000000.0,211146000.0
2016-08-05 08:00:00,11260900000.0,199290000.0
2016-08-05 14:00:00,11355100000.0,158215000.0
2016-08-05 20:00:00,11397600000.0,122187000.0
2016-08-06 02:00:00,11419400000.0,108919000.0
2016-08-06 08:00:00,11286600000.0,109537000.0
2016-08-06 14:00:00,11311000000.0,120508000.0
2016-08-06 20:00:00,11527400000.0,131124000.0
2016-08-07 02:00:00,11652200000.0,125681000.0
2016-08-07 08:00:00,11629100000.0,129228000.0
2016-08-07 14:00:00,11679600000.0,131438000.0
2016-08-07 20:00:00,11604700000.0,139350000.0
2016-08-08 02:00:00,11611700000.0,142520000.0
2016-08-08 08:00:00,11603600000.0,134868000.0
2016-08-08 14:00:00,11648700000.0,121379000.0
2016-08-08 20:00:00,11669400000.0,100105000.0
2016-08-09 02:00:00,11640500000.0,100556000.0
2016-08-09 08:00:00,11610400000.0,101786000.0
2016-08-09 14:00:00,11657400000.0,135927000.0
2016-08-09 20:00:00,11650500000.0,167932000.0
2016-08-10 02:00:00,11639300000.0,167895000.0
2016-08-10 08:00:00,11707000000.0,171766000.0
2016-08-10 14:00:00,11810100000.0,164324000.0
2016-08-10 20:00:00,11771400000.0,161966000.0
2016-08-11 02:00:00,11745600000.0,168533000.0
2016-08-11 08:00:00,11687700000.0,171363000.0
2016-08-11 14:00:00,11754900000.0,168307000.0
2016-08-11 20:00:00,11650700000.0,137939000.0
2016-08-12 02:00:00,11607500000.0,116395000.0
2016-08-12 08:00:00,11653500000.0,127514000.0
2016-08-12 14:00:00,11614000000.0,107274000.0
2016-08-12 20:00:00,11590500000.0,116475000.0
2016-08-13 02:00:00,11614200000.0,111434000.0
2016-08-13 08:00:00,11637700000.0,93050600.0
2016-08-13 14:00:00,11657600000.0,85869200.0
2016-08-13 20:00:00,11599900000.0,72878100.0
2016-08-14 02:00:00,11587600000.0,66340600.0
2016-08-14 08:00:00,11551000000.0,66399200.0
2016-08-14 14:00:00,11356200000.0,77188800.0
2016-08-14 20:00:00,11282800000.0,87443400.0
2016-08-15 02:00:00,11302300000.0,88231000.0
2016-08-15 08:00:00,11356000000.0,87158400.0
2016-08-15 14:00:00,11284000000.0,89137500.0
2016-08-15 20:00:00,11259100000.0,87757300.0
2016-08-16 02:00:00,11292200000.0,84432500.0
2016-08-16 08:00:00,11250800000.0,87103200.0
2016-08-16 14:00:00,11288200000.0,86906700.0
2016-08-16 20:00:00,11458100000.0,88058800.0
2016-08-17 02:00:00,11436000000.0,79563700.0
2016-08-17 08:00:00,11443100000.0,80832500.0
2016-08-17 14:00:00,11401600000.0,81589500.0
2016-08-17 20:00:00,11329700000.0,80326100.0
2016-08-18 02:00:00,11367000000.0,79573500.0
2016-08-18 08:00:00,11376900000.0,86335100.0
2016-08-18 14:00:00,11403900000.0,82545700.0
2016-08-18 20:00:00,11381200000.0,84285400.0
2016-08-19 02:00:00,11358700000.0,81572500.0
2016-08-19 08:00:00,11376400000.0,75758500.0
2016-08-19 14:00:00,11396500000.0,77800800.0
2016-08-19 20:00:00,11407700000.0,79425300.0
2016-08-20 02:00:00,11400600000.0,75997500.0
2016-08-20 08:00:00,11405000000.0,79415500.0
2016-08-20 14:00:00,11492100000.0,78183700.0
2016-08-20 20:00:00,11501600000.0,67880200.0
2016-08-21 02:00:00,11510500000.0,62664300.0
2016-08-21 08:00:00,11524200000.0,59273500.0
2016-08-21 14:00:00,11506700000.0,56898400.0
2016-08-21 20:00:00,11471900000.0,55680800.0
2016-08-22 02:00:00,11488200000.0,51494600.0
2016-08-22 08:00:00,11475100000.0,55069700.0
2016-08-22 14:00:00,11517400000.0,59243500.0
2016-08-22 20:00:00,11591700000.0,78999500.0
2016-08-23 02:00:00,11602200000.0,120043000.0
2016-08-23 08:00:00,11621600000.0,129438000.0
2016-08-23 14:00:00,11530700000.0,150502000.0
2016-08-23 20:00:00,11476700000.0,172532000.0
2016-08-24 02:00:00,11492200000.0,139802000.0
2016-08-24 08:00:00,11469700000.0,134839000.0
2016-08-24 14:00:00,11456100000.0,123173000.0
2016-08-24 20:00:00,11437700000.0,96431500.0
2016-08-25 02:00:00,11356400000.0,85724700.0
2016-08-25 08:00:00,11368900000.0,94283000.0
2016-08-25 14:00:00,11332300000.0,93358100.0
2016-08-25 20:00:00,11359500000.0,137816000.0
2016-08-26 02:00:00,11381000000.0,155149000.0
2016-08-26 08:00:00,11403900000.0,155935000.0
2016-08-26 14:00:00,11418000000.0,183791000.0
2016-08-26 20:00:00,11427000000.0,82331600.0
2016-08-27 02:00:00,11386300000.0,72658800.0
2016-08-27 08:00:00,11350700000.0,63079300.0
2016-08-27 14:00:00,11334900000.0,51509700.0
2016-08-27 20:00:00,11243900000.0,57082500.0
2016-08-28 02:00:00,11241000000.0,67704200.0
2016-08-28 08:00:00,11290700000.0,107944000.0
2016-08-28 14:00:00,11327900000.0,132060000.0
2016-08-28 20:00:00,11306500000.0,152595000.0
2016-08-29 02:00:00,11367900000.0,167827000.0
2016-08-29 08:00:00,11362700000.0,181616000.0
2016-08-29 14:00:00,11404400000.0,190315000.0
2016-08-29 20:00:00,11410900000.0,204304000.0
2016-08-30 02:00:00,11375400000.0,190492000.0
2016-08-30 08:00:00,11446500000.0,160801000.0
2016-08-30 14:00:00,11424800000.0,172549000.0
2016-08-30 20:00:00,11436000000.0,127484000.0
2016-08-31 02:00:00,11422600000.0,115546000.0
2016-08-31 08:00:00,11391800000.0,113064000.0
2016-08-31 14:00:00,11401600000.0,120226000.0
2016-08-31 20:00:00,11410800000.0,130703000.0
2016-09-01 02:00:00,11468200000.0,126098000.0
2016-09-01 08:00:00,11475700000.0,139004000.0
2016-09-01 14:00:00,11425200000.0,236331000.0
2016-09-01 20:00:00,11428500000.0,212423000.0
2016-09-02 02:00:00,11404500000.0,205062000.0
2016-09-02 08:00:00,11398100000.0,122350000.0
2016-09-02 14:00:00,11473200000.0,106668000.0
2016-09-02 20:00:00,11487300000.0,188636000.0
2016-09-03 02:00:00,11507400000.0,134933000.0
2016-09-03 08:00:00,11489300000.0,181012000.0
2016-09-03 14:00:00,11494200000.0,224035000.0
2016-09-03 20:00:00,11713800000.0,252111000.0
2016-09-04 02:00:00,11817900000.0,269633000.0
2016-09-04 08:00:00,11831700000.0,240040000.0
2016-09-04 14:00:00,12039500000.0,212237000.0
2016-09-04 20:00:00,12002900000.0,174500000.0
2016-09-05 02:00:00,12012300000.0,146626000.0
2016-09-05 08:00:00,12031900000.0,145324000.0
2016-09-05 14:00:00,12003200000.0,142851000.0
2016-09-05 20:00:00,12003000000.0,137196000.0
2016-09-06 02:00:00,12017400000.0,126343000.0
2016-09-06 08:00:00,12016500000.0,119128000.0
2016-09-06 14:00:00,12063600000.0,130228000.0
2016-09-06 20:00:00,12074800000.0,134857000.0
2016-09-07 02:00:00,12069900000.0,130088000.0
2016-09-07 08:00:00,12035800000.0,130783000.0
2016-09-07 14:00:00,12097000000.0,129697000.0
2016-09-07 20:00:00,12091900000.0,132638000.0
2016-09-08 02:00:00,12106100000.0,118464000.0
2016-09-08 08:00:00,12143400000.0,116154000.0
2016-09-08 14:00:00,12318400000.0,127161000.0
2016-09-08 20:00:00,12285400000.0,125065000.0
2016-09-09 02:00:00,12294800000.0,139293000.0
2016-09-09 08:00:00,12227500000.0,143500000.0
2016-09-09 14:00:00,12231800000.0,122821000.0
2016-09-09 20:00:00,12235500000.0,112668000.0
2016-09-10 02:00:00,12267600000.0,100058000.0
2016-09-10 08:00:00,12272500000.0,92296500.0
2016-09-10 14:00:00,12271200000.0,81440000.0
2016-09-10 20:00:00,12288300000.0,76270500.0
2016-09-11 02:00:00,12314500000.0,73113900.0
2016-09-11 08:00:00,12311000000.0,69443900.0
2016-09-11 14:00:00,12319200000.0,72388900.0
2016-09-11 20:00:00,11899600000.0,107305000.0
2016-09-12 02:00:00,11978800000.0,119192000.0
2016-09-12 08:00:00,12010200000.0,132430000.0
2016-09-12 14:00:00,11987500000.0,140213000.0
2016-09-12 20:00:00,12021200000.0,117318000.0
2016-09-13 02:00:00,12059200000.0,112017000.0
2016-09-13 08:00:00,12035500000.0,114374000.0
2016-09-13 14:00:00,12058200000.0,121323000.0
2016-09-13 20:00:00,12080500000.0,134035000.0
2016-09-14 02:00:00,12048700000.0,126945000.0
2016-09-14 08:00:00,12047800000.0,113364000.0
2016-09-14 14:00:00,12103600000.0,96388900.0
2016-09-14 20:00:00,12088300000.0,78258100.0
2016-09-15 02:00:00,12087600000.0,70201000.0
2016-09-15 08:00:00,12087800000.0,71030200.0
2016-09-15 14:00:00,12149100000.0,75841200.0
2016-09-15 20:00:00,12095600000.0,102055000.0
2016-09-16 02:00:00,12078100000.0,102096000.0
2016-09-16 08:00:00,12078700000.0,112294000.0
2016-09-16 14:00:00,12121400000.0,117770000.0
2016-09-16 20:00:00,12093800000.0,116724000.0
2016-09-17 02:00:00,12086600000.0,112065000.0
2016-09-17 08:00:00,12107200000.0,102077000.0
2016-09-17 14:00:00,12100800000.0,94098100.0
2016-09-17 20:00:00,12093300000.0,64953000.0
2016-09-18 02:00:00,12093000000.0,54473700.0
2016-09-18 08:00:00,12109600000.0,58390200.0
2016-09-18 14:00:00,12149600000.0,64164900.0
2016-09-18 20:00:00,12134900000.0,79900500.0
2016-09-19 02:00:00,12176500000.0,88596300.0
2016-09-19 08:00:00,12126900000.0,91529900.0
2016-09-19 14:00:00,12151500000.0,89641100.0
2016-09-19 20:00:00,12149400000.0,88699600.0
2016-09-20 02:00:00,12179500000.0,86538700.0
2016-09-20 08:00:00,12185800000.0,97781100.0
2016-09-20 14:00:00,12207300000.0,118025000.0
2016-09-20 20:00:00,12214500000.0,124742000.0
2016-09-21 02:00:00,12083600000.0,143624000.0
2016-09-21 08:00:00,12035100000.0,146345000.0
2016-09-21 14:00:00,12008400000.0,145364000.0
2016-09-21 20:00:00,11954500000.0,138744000.0
2016-09-22 02:00:00,11991000000.0,117186000.0
2016-09-22 08:00:00,11941900000.0,110427000.0
2016-09-22 14:00:00,11929900000.0,110449000.0
2016-09-22 20:00:00,11970800000.0,120844000.0
2016-09-23 02:00:00,11955700000.0,110515000.0
2016-09-23 08:00:00,11970200000.0,104707000.0
2016-09-23 14:00:00,12042700000.0,92716500.0
2016-09-23 20:00:00,12070000000.0,83142100.0
2016-09-24 02:00:00,12088600000.0,70818900.0
2016-09-24 08:00:00,12098000000.0,70355800.0
2016-09-24 14:00:00,12067500000.0,72882200.0
2016-09-24 20:00:00,12055300000.0,61588200.0
2016-09-25 02:00:00,12065500000.0,55861600.0
2016-09-25 08:00:00,12084500000.0,54483100.0
2016-09-25 14:00:00,12061600000.0,49124700.0
2016-09-25 20:00:00,12056800000.0,54121500.0
2016-09-26 02:00:00,12059300000.0,52325800.0
2016-09-26 08:00:00,12053500000.0,63876100.0
2016-09-26 14:00:00,12157300000.0,79370300.0
2016-09-26 20:00:00,12150900000.0,85933200.0
2016-09-27 02:00:00,12142400000.0,89207400.0
2016-09-27 08:00:00,12139400000.0,84135200.0
2016-09-27 14:00:00,12129300000.0,77219500.0
2016-09-27 20:00:00,12161000000.0,73479100.0
2016-09-28 02:00:00,12147300000.0,69188200.0
2016-09-28 08:00:00,12135800000.0,78229300.0
2016-09-28 14:00:00,12156800000.0,76069500.0
2016-09-28 20:00:00,12157500000.0,81517900.0
2016-09-29 02:00:00,12156300000.0,79327500.0
2016-09-29 08:00:00,12142200000.0,72547400.0
2016-09-29 14:00:00,12141400000.0,85480200.0
2016-09-29 20:00:00,12145300000.0,84795700.0
2016-09-30 02:00:00,12132100000.0,79906300.0
2016-09-30 08:00:00,12121900000.0,83238500.0
2016-09-30 14:00:00,12170600000.0,80693600.0
2016-09-30 20:00:00,12175700000.0,84402500.0
2016-10-01 02:00:00,12216900000.0,91835000.0
2016-10-01 08:00:00,12237200000.0,96087000.0
2016-10-01 14:00:00,12237400000.0,86367500.0
2016-10-01 20:00:00,12234300000.0,92513800.0
2016-10-02 02:00:00,12229500000.0,78669600.0
2016-10-02 08:00:00,12211800000.0,71808000.0
2016-10-02 14:00:00,12191100000.0,72368000.0
2016-10-02 20:00:00,12180600000.0,65540700.0
2016-10-03 02:00:00,12180600000.0,57560100.0
2016-10-03 08:00:00,12209600000.0,57025600.0
2016-10-03 14:00:00,12218800000.0,57583900.0
2016-10-03 20:00:00,12229700000.0,65308600.0
2016-10-04 02:00:00,12222900000.0,65398400.0
2016-10-04 08:00:00,12207500000.0,68767300.0
2016-10-04 14:00:00,12204700000.0,72573500.0
2016-10-04 20:00:00,12158800000.0,71688000.0
2016-10-05 02:00:00,12154600000.0,72393100.0
2016-10-05 08:00:00,12260900000.0,88567200.0
2016-10-05 14:00:00,12312400000.0,107113000.0
2016-10-05 20:00:00,12289700000.0,114386000.0
2016-10-06 02:00:00,12266100000.0,113115000.0
2016-10-06 08:00:00,12243800000.0,109826000.0
2016-10-06 14:00:00,12234700000.0,111746000.0
2016-10-06 20:00:00,12248700000.0,103694000.0
2016-10-07 02:00:00,12242400000.0,88019800.0
2016-10-07 08:00:00,12274300000.0,91752100.0
2016-10-07 14:00:00,12278900000.0,96958800.0
2016-10-07 20:00:00,12270000000.0,94765200.0
2016-10-08 02:00:00,12284600000.0,89344000.0
2016-10-08 08:00:00,12261400000.0,94233900.0
2016-10-08 14:00:00,12258000000.0,76508200.0
2016-10-08 20:00:00,12258200000.0,71525300.0
2016-10-09 02:00:00,12275200000.0,66543300.0
2016-10-09 08:00:00,12245200000.0,56908800.0
2016-10-09 14:00:00,12251700000.0,52809000.0
2016-10-09 20:00:00,12235500000.0,58493700.0
2016-10-10 02:00:00,12220500000.0,60142200.0
2016-10-10 08:00:00,13053000000.0,79993100.0
2016-10-10 14:00:00,12766500000.0,98382100.0
2016-10-10 20:00:00,12223900000.0,101534000.0
2016-10-11 02:00:00,12249100000.0,108453000.0
2016-10-11 08:00:00,12487500000.0,130787000.0
2016-10-11 14:00:00,12532100000.0,133620000.0
2016-10-11 20:00:00,12601500000.0,148835000.0
2016-10-12 02:00:00,12555500000.0,145291000.0
2016-10-12 08:00:00,12566900000.0,120473000.0
2016-10-12 14:00:00,12574800000.0,111099000.0
2016-10-12 20:00:00,12540900000.0,93305700.0
2016-10-13 02:00:00,12537300000.0,116241000.0
2016-10-13 08:00:00,12556500000.0,119420000.0
2016-10-13 14:00:00,12524000000.0,120347000.0
2016-10-13 20:00:00,12535300000.0,120819000.0
2016-10-14 02:00:00,12547300000.0,83551300.0
2016-10-14 08:00:00,12578600000.0,80417200.0
2016-10-14 14:00:00,12581600000.0,86412600.0
2016-10-14 20:00:00,12621500000.0,85126000.0
2016-10-15 02:00:00,12624100000.0,76227300.0
2016-10-15 08:00:00,12592900000.0,71180900.0
2016-10-15 14:00:00,12585700000.0,59940700.0
2016-10-15 20:00:00,12557900000.0,56027900.0
2016-10-16 02:00:00,12561200000.0,50828000.0
2016-10-16 08:00:00,12571800000.0,52248900.0
2016-10-16 14:00:00,12612200000.0,54663800.0
2016-10-16 20:00:00,12609400000.0,54059900.0
2016-10-17 02:00:00,12595200000.0,58117700.0
2016-10-17 08:00:00,12572500000.0,65663200.0
2016-10-17 14:00:00,12586800000.0,75860300.0
2016-10-17 20:00:00,12582100000.0,86596700.0
2016-10-18 02:00:00,12588000000.0,81816700.0
2016-10-18 08:00:00,12647700000.0,91283800.0
2016-10-18 14:00:00,12691700000.0,94670300.0
2016-10-18 20:00:00,12629400000.0,100697000.0
2016-10-19 02:00:00,12616800000.0,100921000.0
2016-10-19 08:00:00,12635400000.0,95744900.0
2016-10-19 14:00:00,12439000000.0,105479000.0
2016-10-19 20:00:00,12437400000.0,105774000.0
2016-10-20 02:00:00,12454900000.0,99140200.0
2016-10-20 08:00:00,12475900000.0,102807000.0
2016-10-20 14:00:00,12475000000.0,89887200.0
2016-10-20 20:00:00,12465500000.0,84956100.0
2016-10-21 02:00:00,12502000000.0,80510800.0
2016-10-21 08:00:00,12494600000.0,80799500.0
2016-10-21 14:00:00,12516600000.0,83292500.0
2016-10-21 16:00:00,12541800000.0,80462600.0
2016-10-22 16:00:00,12520800000.0,72700600.0
2016-10-22 16:00:00,12591900000.0,69971900.0
2016-10-22 16:00:00,12619200000.0,69164200.0
2016-10-22 16:00:00,12907300000.0,104107000.0
2016-10-23 16:00:00,12960900000.0,106184000.0
2016-10-23 16:00:00,12922700000.0,109338000.0
2016-10-23 16:00:00,12882500000.0,111229000.0
2016-10-23 16:00:00,12915800000.0,76400600.0
2016-10-24 16:00:00,12874000000.0,66523800.0
2016-10-24 16:00:00,12836300000.0,68788400.0
2016-10-24 16:00:00,12874200000.0,73386500.0
2016-10-24 16:00:00,12864500000.0,78551700.0
2016-10-25 16:00:00,12873000000.0,76675600.0
2016-10-25 16:00:00,12876700000.0,89872500.0
2016-10-25 16:00:00,12853900000.0,93719400.0
2016-10-25 16:00:00,12888800000.0,109774000.0
2016-10-26 16:00:00,12919700000.0,129427000.0
2016-10-26 16:00:00,12941000000.0,119231000.0
2016-10-26 16:00:00,13063300000.0,125639000.0
2016-10-26 16:00:00,13178500000.0,133141000.0
2016-10-27 16:00:00,13333500000.0,121772000.0
2016-10-27 16:00:00,13308300000.0,142891000.0
2016-10-27 16:00:00,13270800000.0,146409000.0
2016-10-27 16:00:00,13295500000.0,131269000.0
2016-10-28 16:00:00,13304900000.0,123402000.0
2016-10-28 16:00:00,13261600000.0,110847000.0
2016-10-28 16:00:00,13285300000.0,105178000.0
2016-10-28 16:00:00,13230600000.0,114061000.0
2016-10-29 16:00:00,13413500000.0,123794000.0
2016-10-29 16:00:00,13486200000.0,133934000.0
2016-10-29 16:00:00,13451000000.0,161578000.0
2016-10-29 16:00:00,13592700000.0,204652000.0
2016-10-30 16:00:00,13324500000.0,209495000.0
2016-10-30 16:00:00,13479100000.0,203909000.0
2016-10-30 16:00:00,13421000000.0,174627000.0
2016-10-30 16:00:00,13531000000.0,140140000.0
2016-10-31 16:00:00,13335800000.0,128078000.0
2016-10-31 16:00:00,13458100000.0,132447000.0
2016-10-31 16:00:00,13548400000.0,136744000.0
2016-10-31 16:00:00,13540900000.0,136569000.0
2016-11-01 16:00:00,13545700000.0,123491000.0
2016-11-01 16:00:00,13750800000.0,134489000.0
2016-11-01 16:00:00,13914000000.0,173596000.0
2016-11-01 16:00:00,13859600000.0,180354000.0
2016-11-02 16:00:00,13817300000.0,172184000.0
2016-11-02 16:00:00,13831900000.0,160295000.0
2016-11-02 16:00:00,13796700000.0,127469000.0
2016-11-02 16:00:00,13835800000.0,115096000.0
2016-11-03 16:00:00,14068200000.0,119885000.0
2016-11-03 16:00:00,13960500000.0,130463000.0
2016-11-03 16:00:00,13898100000.0,139676000.0
2016-11-03 16:00:00,13472100000.0,200225000.0
2016-11-04 16:00:00,13413000000.0,216281000.0
2016-11-04 16:00:00,13405500000.0,209844000.0
2016-11-04 16:00:00,13477700000.0,207654000.0
2016-11-04 16:00:00,13345600000.0,154954000.0
2016-11-05 16:00:00,13455200000.0,119082000.0
2016-11-05 16:00:00,13461200000.0,114623000.0
2016-11-05 16:00:00,13432000000.0,105182000.0
2016-11-05 16:00:00,13507100000.0,85979200.0
2016-11-06 16:00:00,13542700000.0,69663100.0
2016-11-06 16:00:00,13653700000.0,74364800.0
2016-11-06 16:00:00,13580200000.0,70778000.0
2016-11-06 16:00:00,13522400000.0,74434000.0
2016-11-07 16:00:00,13502500000.0,77189700.0
2016-11-07 16:00:00,13525400000.0,78574000.0
2016-11-07 16:00:00,13424600000.0,83863900.0
2016-11-07 16:00:00,13488700000.0,89751500.0
2016-11-08 16:00:00,13501900000.0,88018000.0
2016-11-08 16:00:00,13477800000.0,94660000.0
2016-11-08 16:00:00,13570000000.0,103076000.0
2016-11-08 16:00:00,13582700000.0,108484000.0
2016-11-09 16:00:00,13565400000.0,108810000.0
2016-11-09 16:00:00,13988800000.0,170698000.0
2016-11-09 16:00:00,13846100000.0,178649000.0
2016-11-09 16:00:00,13805500000.0,181513000.0
2016-11-10 16:00:00,13735300000.0,171290000.0
2016-11-10 16:00:00,13647300000.0,107116000.0
2016-11-10 16:00:00,13657900000.0,89993200.0
2016-11-10 16:00:00,13597500000.0,89527000.0
2016-11-11 16:00:00,13657200000.0,87636400.0
2016-11-11 16:00:00,13663200000.0,85495700.0
2016-11-11 16:00:00,13677200000.0,88979000.0
2016-11-11 16:00:00,13640600000.0,88182600.0
2016-11-12 16:00:00,13657400000.0,82019000.0
2016-11-12 16:00:00,13634500000.0,83809000.0
